,Наименование,Город,ИНН,Благонадежный (да/нет)
0,"Благотворительный фонд социальной поддержки населения ""Вместе""",Благовещенск РБ,224950320.0,да
1,Благотворительный фонд помощи тяжело больным детям «Особенные дети»,Уфа,272902492.0,да
2,"Автономная некоммерческая медицинская организация ""Уфимский хоспис""",Уфа,274950766.0,да
3,"Детский Благотворительный Фонд ""С Любовью""",Уфа,274990342.0,да
4,"Благотворительный фонд помощи тяжелобольным детям ""Потерь нет""",Уфа,276980491.0,да
5,"Благотворительный Фонд экологического просвещения, социальной поддержки населения, развития народных ремесел и декоративно-прикладного творчества ""Твердая почва""","г. Уфа , Республика Башкортостан",277921731.0,да
6,"Благотворительный фонд ""Благо Дари""",Гатчина,326544905.0,да
7,"Благотворительный фонд ""Надежда""","Москва, Махачкала, Лондон",571000615.0,да
8,"Благотворительный фонд содействия образовательным, культурным и социальным проектам ""Село""",Москва,573006884.0,да
9,"Некоммерческая организация благотворительный фонд ""Мял""",Магас,608012458.0,да
10,"Карельская региональная общественная организация защиты животных ""Первый приют""",Петрозаводск,1001106971.0,да
11,"Карельская региональная общественная организация помощи лицам, страдающим психическими расстройствами, их родственников и специалистов, работающих в сфере психического здоровья ""Преодоление""",Кондопога,1003103366.0,да
12,Фонд «Друзья»,Москва,7704314253.0,да
13,Добрая Марий Эл,Йошкар-Ола,1215072744.0,да
14,"Автономная некоммерческая организация гражданско-патриотического развития молодежи ""Подвиги""",Саранск,1326251467.0,да
15,"РОД ""Ресурсный центр социальных технологий Республики Саха (Якутия)""",Якутск,1435231598.0,да
16,"Автономная некоммерческая организация ""Центр содействия реализации социально-культурных и благотворительных проектов ""Филантроп""",Казань,1659182731.0,да
17,"АНО ""Центр организации спортивно-массовых мероприятий ""СПОРТ БУДУЩЕГО""",Казань,1660316309.0,да
18,Фонд Светланы Изамбаевой,Казань,1661023908.0,да
19,"Благотворительный фонд ""Подари ЗАВТРА!""",Ижевск,1831155301.0,да
20,"БЛАГОТВОРИТЕЛЬНЫЙ ФОНД ""СИЛЬНЫЕ ДЕТИ""",Чебоксары,2124042134.0,нет
21,"Чувашская региональная общественная организация содействия в решении социальных проблем семьи и человека ""МИР ДОБРА""",Чебоксары,2130996604.0,да
22,"ФОНД ПОМОЩИ МНОГОДЕТНЫМ И МАЛОИМУЩИМ СЕМЬЯМ, ДЕТЯМ-СИРОТАМ, ДЕТЯМ, ОСТАВШИМСЯ БЕЗ ПОПЕЧЕНИЯ РОДИТЕЛЕЙ И ЛЮДЯМ, ПОПАВШИМ В СЛОЖНУЮ ЖИЗНЕННУЮ СИТУАЦИЮ ""ОБЛАКА""",Барнаул,2222848892.0,да
23,"БЛАГОТВОРИТЕЛЬНЫЙ ФОНД ""АУРЕЯ""",УЯР,2440006230.0,нет
24,Красноярский Региональный Фонд «Красноярье без сирот»,Красноярск,2465117252.0,да
25,"Автономная некоммерческая организация ""Центр социально-психологической реабилитации онкологических больных и лиц групп риска ""ВМЕСТЕ ПРОТИВ РАКА""",Красноярск,2465117767.0,да
26,"Детский благотворительный фонд ""Счастливые дети""",Красноярск,2465310993.0,да
27,"Благотворительный фонд помощи детям ""Ренессанс""",Владивосток,2543155339.0,да
28,"Хабаровская краевая общественная организация замещающих семей ""Чужих детей не бывает""",Хабаровск,2721980663.0,да
29,"Некоммерческий благотворительный фонд помощи нуждающимся ""Взамен""",Архангельск,2901256749.0,да
30,"Автономная некоммерческая организация Центр социальной помощи ""Смысл есть""","Мирный, Архангельская область",2925006674.0,да
31,"Благотворительный фонд ""Стрелиция""",Юрьев-Польский,3314010256.0,да
32,"Автономная некоммерческая организация популяризации благотворительных проектов ""ЗаСпасибо""",Владимир,3327145779.0,да
33,"БФ ""Близкие люди""",Владимир,3328019897.0,да
34,Благотворительный фонд Елены Исинбаевой,Волгоград,3444409898.0,да
35,"Благотворительный фонд развития социально значимых инициатив ""Доброта на Волге""",Волгоград,3461061900.0,да
36,Благотворительный Фонд «Хорошие люди»,Вологда,3525285922.0,да
37,"Благотворительный фонд помощи детям ""Благо""",Воронеж,3662121002.0,да
38,"Иркутский областной общественный благотворительный фонд ""Семья Прибайкалья""",Иркутск,3808187926.0,да
39,"Ассоциация ""Защитим Байкал вместе""",Иркутск,3810052860.0,да
40,"Иркутская Региональная Экологическая Общественная Организация ""Мой Байкал""",Иркутск,3827050910.0,да
41,"Фонд поддержки людей с ограниченными возможностями ""Лабиринт 42""",Кемерово,4205357785.0,да
42,"Благотворительный фонд социальной поддержки и защиты детей, граждан и организаций в области медицины, образования, здорового образа жизни, а также попавших в трудную жизненную ситуацию «Счастье детям»",Кемерово,4205997009.0,да
43,"Костромской областной благотворительный фонд помощи детям и взрослым с особенностями развития (преимущественно с аутизмом) ""Открыть Мир""",Кострома,4401061865.0,да
44,"Благотворительный Фонд ""География Добра""",Кострома,4401165180.0,да
45,Автономная некоммерческая организация ««Центр систематизации материальных и духовных знаний «Наше Поветлужье»,Шарья Костромская область,4407999087.0,да
46,"Благотворительный Фонд ""Искорка надежды""",Курск,4632132633.0,да
47,"ФОНД ПОМОЩИ ДЕТЯМ И ЛЮДЯМ, ПОПАВШИМ В ТЯЖЕЛУЮ ЖИЗНЕННУЮ СИТУАЦИЮ ""ДОБРЫЙ ВЕТЕРОК""",Дмитров,5007109775.0,нет
48,Благотворительный фонд «Гольфстрим»,Москва,5017998033.0,да
49,"Межрегиональная благотворительная общественная организация ""Кожные и аллергические болезни""",Москва,5018998283.0,да
50,Межрегиональная общественная организация содействия помощи пациентам с нейрофиброматозом «22/17»,Москва,5029254800.0,да
51,"Благотворительный Фонд помощи животным ""Сень Сотен Крыльев""",Павловский Посад,5035038565.0,да
52,"Благотворительный фонд помощи животным ""Хвостатый рай""",Протвино,5043998456.0,да
53,"Детский реабилитационный центр ""Вдохновение""",Руза,5075012718.0,да
54,"Автономная некоммерческая организация ""Центр Проектного Развития""",Городец,5248042887.0,да
55,"Нижегородская региональная общественная организация содействия социальному развитию ""Служение-НЭКСТ""",Нижний Новгород,5258048599.0,да
56,"Автономная некоммерческая организация центр социальной помощи престарелым и инвалидам ""Дом Милосердия""",Новосибирск,5410071452.0,да
57,"Благотворительный фонд ""Сохраняя жизнь""",Оренбург,5610151810.0,да
58,"Автономная некоммерческая организация ""Диаконический Центр ""Прикосновение""",Оренбург,5612162920.0,да
59,"АНО ""Платформа образовательных проектов""",Пермь,5902051740.0,да
60,"Межрегиональная общественная организация ""Общество развития продуктивных инициатив"", тематическое отделение ""Территория передышки""",Пермь,5904075778.0,да
61,"Пермская региональная общественная организация ""Солнечный круг""",Пермь,5904206484.0,да
62,"Псковская региональная общественная благотворительная организация ""Росток""",Порхов Псковской области,6017009789.0,да
63,"Автономная некоммерческая зоозащитная организация ""Шанс""",Псков,6027999310.0,да
64,"Благотворительный фонд помощи детям ""Доброе дело""",Ростов-на-Дону,6161052138.0,да
65,"Благотворительный фонд ""Я без мамы""",Ростов-на-Дону,6165139870.0,да
66,"Ростовская региональная общественная организация инвалидов ""Центр лечебной педагогики и социальной терапии ""СВеЧа""",Ростов-на-Дону,6168047578.0,да
67,"Региональная общественная организация волонтёров Самарской области ""Домик детства""",Самара,6311997036.0,да
68,"Благотворительный фонд ""Радость жизни""",Южно-Сахалинск,6501235371.0,да
69,Свердловская региональная общественная организация «Уральская палата защиты потребителей»,Екатеринбург,6606999222.0,да
70,"Благотворительный детский фонд ""Мы вместе""",Екатеринбург,6670210124.0,да
71,"Благотворительный детский фонд ""Мы вместе""",Екатеринбург,6670210124.0,да
72,"Благотворительный фонд ""Надежная смена""",Москва,6671220365.0,да
73,"Ассоциация лидеров бизнеса и образования ""Клуб ""Корифей""",Екатеринбург,6672150294.0,да
74,"БЛАГОТВОРИТЕЛЬНЫЙ ФОНД ЭКОЛОГИЧЕСКИХ ПРОЕКТОВ И ПОМОЩИ НАСЕЛЕНИЮ ""СБЕРЕГИ ЖИЗНЬ""",ЕКАТЕРИНБУРГ,6679128315.0,нет
75,"АВТОНОМНАЯ НЕКОММЕРЧЕСКАЯ ОРГАНИЗАЦИЯ СОДЕЙСТВИЯ РАЗВИТИЮ ГРАЖДАНСКИХ ИНИЦИАТИВ И КРЕАТИВНЫХ ИНДУСТРИЙ ""ГОРОДСКИЕ ИНИЦИАТИВЫ""",Екатеринбург,6679129502.0,да
76,"Благотворительный Фонд ""ПРЕОДОЛЕНИЕ""",Тамбов,6829911486.0,да
77,"Благотворительный фонд ""ДОБРЫЙ МИР""",Тверь,6950025607.0,да
78,"Благотворительный фонд ""Семь профессий""",Москва,6950245289.0,да
79,"Автономная некоммерческая организация социальной помощи нуждающимся ""Другая медицина""",Челябинск,7451442759.0,да
80,"Благотворительный фонд ""Поможем Таланту"" имени Ильи Севостьянова",Челябинск,7452128697.0,да
81,"Челябинское региональное благотворительное общественное движение помощи онкобольным детям ""Искорка Фонд""",Челябинск,7453076191.0,да
82,"БЛАГОТВОРИТЕЛЬНЫЙ ФОНД ""ДОБРОЕ СЕРДЦЕ. ПРОЯВИ ДОБРОТУ СВОЕГО СЕРДЦА""",Магнитогорск,7455025756.0,нет
83,Частное учреждение Благотворительного фонда Металлург Центр социального обслуживания населения,Магнитогорск,7455029084.0,да
84,"Автономная Некоммерческая Организация помощи животным ""Маленькая жизнь""",Магнитогорск,7456990396.0,да
85,"Благотворительный фонд помощи семье и детям, находящихся в трудной жизненной ситуации ""Семья плюс""",Челябинск,7460030705.0,да
86,"Благотворительный фонд ""Мы Рядом!""",Челябинск,7460990208.0,да
87,Фонд развития Политехнического музея,Москва,7701012102.0,да
88,"Благотворительный фонд Оксаны Федоровой ""Спешите делать добро!""",Москва,7701056639.0,да
89,"ФОНД СОДЕЙСТВИЯ ПОВЫШЕНИЮ ОБРАЗОВАТЕЛЬНОГО И КУЛЬТУРНОГО УРОВНЯ ЖЕНЩИН, МОЛОДЕЖИ И ДЕТЕЙ ""ВОЛГА""",Москва,7701058925.0,да
90,"Благотворительный фонд ""Арифметика добра""",Москва,7701093849.0,да
91,"Благотворительный фонд ""Тепло сердец""",Москва,7701359136.0,да
92,"Благотворительный фонд ""АиФ. Доброе сердце""",Москва,7701619391.0,да
93,"Фонд поддержки социальных программ и инициатив ""Лавка радостей""",Москва,7702428375.0,да
94,"Благотворительный фонд ""Национальный Фонд Поддержки Здоровья Женщин""",Москва,7702470070.0,да
95,"Благотворительный фонд защиты животных ""Вирта""",Москва,7702470137.0,да
96,Общественная организация защиты животных РусДог,Москва,7703418370.0,да
97,"Фонд поддержки лиц с нарушением развития и интеллекта ""Лучшие друзья""",Москва,7704277026.0,да
98,Благотворительный фонд помощи воспитанникам и выпускникам детских домов «Константа»,Тверь,7704278510.0,да
99,Московская Школа Профессиональной Филантропии,Москва,7704314253.0,да
100,"Некоммерческая организация ""Благотворительный фонд ""Даунсайд Ап""",Москва,7705159882.0,да
101,"Благотворительный фонд ""Созидание""",Москва,7705401519.0,да
102,"Благотворительный фонд ""Волонтеры в помощь детям-сиротам""",Москва,7706412841.0,да
103,БФ Предание,Москва,7706413901.0,да
104,Старшие Братья Старшие Сестры,Москва,7707326144.0,да
105,"БЛАГОТВОРИТЕЛЬНЫЙ ФОНД ПОДДЕРЖКИ НУЖДАЮЩИХСЯ ""7 ЖИЗНЕЙ""",Москва,7707332099.0,нет
106,"Благотворительный фонд ""Семейная в помощь""",Москва,7707438948.0,да
107,"Благотворительный фонд ""Дети Марии""",Москва,7707440295.0,да
108,"Благотворительный фонд ""Фонд продовольствия ""Русь""",Москва,7708240852.0,да
109,"Благотворительный фонд в поддержку материнства ""Быть мамой""",Москва,7708279948.0,да
110,"Благотворительный фонд ""Центр содействия еврейской жизни молодежи ""ГИЛЕЛЬ""",Москва,7708525449.0,да
111,"Региональная общественная организация инвалидов ""Перспектива""",,7709215200.0,да
112,"Региональный общественный благотворительный фонд содействия культурному и спортивному развитию детей и молодежи ""Дети Мира""",Москва,7709254872.0,да
113,"Благотворительный фонд ""Иллюстрированные книжки для маленьких слепых детей""",Москва,7710018647.0,да
114,"Благотворительный фонд ""Дети Наши""",Москва,7710475499.0,да
115,"БЛАГОТВОРИТЕЛЬНЫЙ ФОНД ""ФОНД ПОДДЕРЖКИ СЛЕПОГЛУХИХ ""СО-ЕДИНЕНИЕ""",Москва,7710481372.0,да
116,"Благотворительный фонд ""Адели""",Москва,7713387297.0,да
117,"Благотворительный фонд развития паллиативной помощи ""Детский паллиатив""",Москва,7713429927.0,да
118,"Благотворительный фонд социальной помощи детям ""Расправь крылья!""",Москва,7714320305.0,да
119,"Благотворительный фонд поддержки семьи, материнства и детства ""Женщины за жизнь""",Москва,7714392719.0,да
120,"Благотворительный фонд ""Творческое объединение ""Круг""",Москва,7714403103.0,да
121,"Благотворительный фонд помощи тяжелобольным детям ""Живи""",Москва,7717163361.0,да
122,"ФОНД ПОМОЩИ ДЕТЯМ, СТРАДАЮЩИМ ТЯЖЕЛЫМИ ЗАБОЛЕВАНИЯМИ И ИХ СЕМЬЯМ, ДЕТЯМ СИРОТАМ, ДЕТЯМ, ОСТАВШИМСЯ БЕЗ ПОПЕЧЕНИЯ РОДИТЕЛЕЙ, А ТАКЖЕ ГРАЖДАНАМ, НАХОДЯЩИМСЯ В ТРУДНОЙ ЖИЗНЕННОЙ СИТУАЦИИ ""ВРЕМЯ""",Москва,7717287575.0,нет
123,"Благотворительный фонд помощи недоношенным детям ""Право на чудо""",Москва,7718145439.0,да
124,"Межрегиональная общественная организация инвалидов ""Пилигрим""",Москва,7718220340.0,да
125,"Благотворительный фонд помощи детям-сиротам ""Здесь и сейчас""",Москва,7718552191.0,да
126,"Благотворительный фонд ""В твоих руках""",Москва,7718748155.0,да
127,"Негосударственное образовательное частное учреждение ""Учебно-методический центр Всероссийского общества глухих""",Москва,7719093825.0,да
128,Благотворительный фонд помощи людям с Боковым Амиотрофическим Склерозом и другими нейромышечными заболеваниями «Живи сейчас»,Москва,7719417621.0,да
129,"Благотворительный фонд ""Возьми счастье в дом""",Москва,7720642607.0,да
130,"Благотворительный фонд ""Разные дети""",Москва,7721490178.0,да
131,"Благотворительный фонд ""Развитие творческих инициатив""",москва,7721509534.0,да
132,"РЕГИОНАЛЬНОЕ ОТДЕЛЕНИЕ МЕЖРЕГИОНАЛЬНОЙ ОБЩЕСТВЕННОЙ ОРГАНИЗАЦИИ В ПОДДЕРЖКУ ЛЮДЕЙ С МЕНТАЛЬНОЙ ИНВАЛИДНОСТЬЮ И ПСИХОФИЗИЧЕСКИМИ НАРУШЕНИЯМИ ""РАВНЫЕ ВОЗМОЖНОСТИ""",Москва,7724302016.0,да
133,"Региональная общественная организация помощи детям с расстройствами аутистического спектра ""Контакт""",Москва,7728401787.0,да
134,"Автономная некоммерческая организация дополнительного профессионального образования ""Институт развития семейного устройства""",Москва,7729451364.0,да
135,"Благотворительный фонд помощи взрослым ""Живой""",Москва,7730184057.0,да
136,"Благотворительный фонд помощи бездомным животным ""НИКА""",Москва,7735129412.0,да
137,"Автономная некоммерческая организация ""Свято-Софийский социальный дом""",Москва,7736500728.0,да
138,Благотворительный фонд социальной и информационной поддержки для детей после кохлеарной имплантации и с нарушением слуха «Мелодия жизни»,Москва,7743059279.0,да
139,"Благотворительный фонд ""ПРАВМИР""",Москва,7743069277.0,да
140,"Благотворительный фонд ""БлагоДА""",москва,7743158216.0,да
141,"Благотворительный фонд ""Новая жизнь""",Москва,7743571511.0,да
142,"Благотворительный фонд поддержки людей с тяжелыми нарушениями развития ""Близкие Другие""",Санкт-Петербург,7801304740.0,да
143,Автономная некоммерческая организация помощи детям с тяжелыми заболеваниями «Ленздравклоун»,Санкт-Петербург,7802290811.0,да
144,"Автономная некоммерческая организация ""Военно-патриотический центр ""Вымпел-Спб""",Санкт-Петербург,7802656914.0,да
145,"Автономная некоммерческая организация оказания помощи людям с ментальными особенностями ""Аутсайдервиль""",Санкт-Петербург,7802680441.0,да
146,"АВТОНОМНАЯ НЕКОММЕРЧЕСКАЯ ОРГАНИЗАЦИЯ ПО ОКАЗАНИЮ УСЛУГ В ОБЛАСТИ РЕАБИЛИТАЦИИ ДЕТЕЙ С НАРУШЕНИЯМИ СЛУХА ""Я ТЕБЯ СЛЫШУ""",Санкт-Петербург,7810357210.0,да
147,"Благотворительный фонд ""Твоя территория""",Санкт-Петербург,7810437426.0,да
148,"Благотворительный фонд помощи нуждающимся детям ""Вера и надежда""",Санкт-Петербург,7810437539.0,да
149,"Благотворительный фонд ""Теплый дом""",Санкт-Петербург,7811340000.0,да
150,"Автономная некоммерческая организация ""Кукольный театр ""Виноград""",Санкт-Петербург,7811608561.0,да
151,"Благотворительный Фонд ""Детский хоспис""",Санкт-Петербург,7813184766.0,да
152,"Религиозная организация ""Католический благотворительный центр ""Каритас Санкт-Петербург""",Санкт-Петербург,7814020231.0,да
153,"Автономная некоммерческая организация ""Центр развития инновационных социальных услуг ""Партнерство каждому ребенку""",Санкт-Петербург,7814160133.0,да
154,"Благотворительный фонд ""Все все вместе""",Санкт-Петербург,7816702751.0,да
155,Благотворительная организация Апельсин,Санкт-Петербург,7838028078.0,да
156,"СПБОО ""ЕАСП""",Санкт-Петербург,7838028409.0,да
157,"Благотворительный фонд ""Апрель""",Санкт-Петербург,7839017230.0,да
158,Санкт-Петербургский Благотворительный фонд помощи детям с онкозаболиваниями «Свет»,Санкт-Петербург,7839017664.0,да
159,Фонд развития образования МиКЭБИ,Санкт-Петербург,7839094468.0,да
160,"Межрегиональная общественная организация социальной помощи детям ""Наши дети""",Санкт-Петербург,7841017157.0,да
161,"Автономная некоммерческая организация социальной адаптации пожилых ""Серебряный возраст""",Санкт-Петербург,7842015113.0,да
162,"АВТОНОМНАЯ НЕКОММЕРЧЕСКАЯ ОРГАНИЗАЦИЯ ""ЦЕНТР СОЦИАЛЬНОЙ ПОДДЕРЖКИ ЛИЦАМ, ОКАЗАВШИХСЯ В ТРУДНОЙ ЖИЗНЕННОЙ СИТУАЦИИ ""ОБИТЕЛЬ""",Салехард,8901036487.0,да
163,"Региональная Общественная Организация ""Центр стратегического развития и проектной деятельности ""Устойчивый Крым""",Симферополь,9105014462.0,да
164,"Благотворительный фонд защиты и поддержки детей и материнства ""Шаг в жизнь""",Москва,9701095889.0,да
165,Фонд «Дом с маяком»,Москва,9701106080.0,да
166,"БЛАГОТВОРИТЕЛЬНЫЙ ФОНД ПОМОЩИ ДЕТЯМ, ОСТАВШИМСЯ БЕЗ ПОПЕЧЕНИЯ РОДИТЕЛЕЙ В ОБЛАСТНЫХ И СЕЛЬСКИХ ДОМАХ РЕБЕНКА ""ДОРОГА ЖИЗНИ""",Москва,9705081012.0,да
167,"Благотворительный фонд помощи животным ""Собаки, которые любят""",Москва,9705093554.0,да
168,"БЛАГОТВОРИТЕЛЬНЫЙ ФОНД ЕЛЕНЫ РОМАНОВОЙ ""ГОРОД ДОБРА""",Москва,9705125686.0,нет
169,"Благотворительный фонд ""Inclusive Dance""",Москва,9709040874.0,да
170,"Автономная некоммерческая организация Центр социального развития ""Просвещен""",Москва,9718117467.0,да
171,Благотворительный фонд реализации социальных проектов «Охана»,Москва,9719009665.0,да
172,"Благотворительный Фонд Адресной Помощи ""ЛЮБАВА""",Москва,9724022291.0,нет
173,"Международный детский фонд ""Дети Саха-Азия""",Якутск,,да
174,"Автономная некоммерческая организация ""Реабилитационный центр №1""",Красноярск,,да
175,"Ивановская Региональная Общественная Организация Защиты Прав Потребителей в Сфере Банковских и Страховых Услуг ""ПАРТНЕР",Иваново,,да
176,"Благотворительный фонд ""Открывая горизонты""",Москва,,да
177,"БЛАГОТВОРИТЕЛЬНЫЙ ФОНД СОЦИАЛЬНОЙ АДАПТАЦИИ ГРАЖДАН ""ТОЧКА ОПОРЫ""",Москва,,да
178,"НО ""Фонд ""Нижегородский онкологический научный центр""",Нижний Новгород,,да
179,"Автономная некоммерческая организация"" Патронажная служба""",Брянск,,да
180,Благотворительный фонд помощи детям с онкологическими заболеваниями памяти Ирины Чёрной «ЛИЧНОЕ УЧАСТИЕ»,Москва,,да
181,"БФ ""МОМ""",Москва,,да
182,"Благотворительный фонд социальной поддержки и охраны здоровья граждан ""Помощь""",г. Санкт-Петербург,,да
183,"Благотворительный фонд поддержки детей и молодежи ""Путевка в жизнь""",Москва,,да
184,"Автономная Некоммерческая Организация ""Центр Психологической и информационной поддержки материнства ""Душа Мамы""",москва,,да
185,Благотворительный фонд поддержки людей с особенностями развития «Я есть!»,Москва,,да
186,"Автономная некоммерческая организация помощи пожилым людям и инвалидам Республики Башкортостан ""Дорогие мои старики""",Уфа,,да
187,Благотворительный фонд Памяти Николая Богатикова в поддержку пострадавших в ДТП,Санкт-Петербург,,да
188,Фонд «Навстречу переменам»,Москва,,да
189,Фонд развития футбола инвалидов «Равные Возможности»,Москва,,да
190,"Благотворительный Фонд помощи медикам ""ВБлагодарность""",Москва,,да
191,АНО «Преданное Сердце»,Санкт Петербург,,да
192,"Благотворительный фонд профилактики и охраны здоровья граждан ""Обними жизнь""",Якутск,,да
193,"Благотворительный фонд содействия талантам ""Особые мастера""",Москва,,да
194,Благотворительный фонд «Артемка»,Санкт-Петербург,,да
195,"Красноярский благотворительный фонд ""Дари добро""",Красноярск,,да
196,"Фонд формирования и развития трудового кадрового резерва, обеспечение профессиональной реализации молодежи «ВРЕМЯ ВПЕРЕД»",Москва,,да
197,"Благотворительный фонд помощи детям онкогематологическими и иными тяжелыми заболеваниями ""Подари жизнь""",Москва,,да
198,Благотворительный фонд межцерковной христианской диаконии (БФ Диакония),Санкт-Петербург,,да
199,"Фонд помощи животным ""Лапа Дружбы""",Москва,,да
200,Фонд содействия защите здоровья и социальной справедливости имени Андрея Рылькова,Москва,,да
201,"Автономная некоммерческая организация по развитию и поддержке вакцинопрофилактики ""Коллективный иммунитет""",Санкт-Петербург,,да
202,Благотворительный фонд поддержки и развития образования «Новый учитель»,Москва,,да
203,"Благотворительный фонд помощи детям ""Марафон 5 дней""",Сочи,,да
204,ВРОО Аутмама,Воронеж,,да
205,Благотворительный Фонд поддержки семьи «Мои друзья»,Москва,,да
206,Автономная некоммерческая организация по оказанию психологической помощи и социальному консультированию «Проект СО-действие (Социально Ответственное действие)»,Москва,,да
207,Театр-цирк Монгольфьери,Санкт-Петербург,,да
208,"НП ""Центр содействия экологическому предпринимательству""",Москва,,да
209,"АНО ""Алтае-Саянское горное партнерство""",Усть-Кокса,,да
210,Благотворительный фонд Цветы добра,Липецк,,да
211,Благотворительный фонд помощи людям с тяжёлой формой инвалидности Циферка,Москва,,да
212,"Благотворительный фонд ""Подари мне крылья""",Санкт-Петербург,,да
213,Автономная некоммерческая организация дополнительного профессионального образования «Центр обучения профессионалов здравоохранения»,Москва,,да
214,"Благотворительный фонд помощи тяжело больным детям, детям-инвалидам ""Планета здоровья""",Новороссийск,,да
215,"Благотворительный фонд ""Дарю Благо""",Екатеринбург,,да
216,Благотворительный Фонд «Родительский мост»,Санкт- Петербург,,да
217,"Фонд поддержки современного искусства ""Космоскоу""",Москва,,да
218,"Автономная некоммерческая организация ""центр бесплатной юридической и информационно-коммуникационной помощи"" Парадигма """,Бугуруслан,,да
219,"Благотворительный фонд помощи животным ""Тедди""",Самара,,да
220,"Марфо-Мариинская обитель милосердия, Группа работы с просителями",Москва,,да
221,"Межрегиональная общественная организация ""Дальневосточная Экологическая комиссия""",Уссурийск,,да
222,"АНО ""Инклюзивный центр ""Йом-йом""",Санкт-Петербург,,да
223,Российский комитет Международного совета музеев (ИКОМ России),Москва,,да
224,"НКО Благотворительный фонд ""Счастливый мир""",Москва,,да
225,"Некоммерческая организация ""Фонд поддержки гражданских инициатив "" Светлые Лица""",Надым,,да
226,Некоммерческая организация Благотворительный фонд «Счастливый мир»,Москва,,да
227,"Автономная некоммерческая организация ""Образовательный клуб друзей физико-математической школы № 146""",Пермь,,да
228,Благотворительный фонд развития системной помощи пациентам с миодистрофией Дюшенна «Гордей»,Москва,,да
229,"Благотворительный фонд помощи детям ""Инфраструктура детства""",Тольятти,,да
230,"РООИ ""Творческое партнерство""",Москва,,да
231,Ассоциация участников социальных проектов «Драйвер роста»,Белгород,,да
232,"Благотворительный фонд поддержки инвалидов, их семей и людей, находящихся в тяжелой жизненной ситуации «Времена года»",Вологда,,да
233,"Хабаровская краевая общественная организация ""Милосердие""",Хабаровск,,да
234,"Благотворительный фонд ""Мир в каждый дом""",Москва,,да
235,"АНО Центр развития волонтерства ""ПОМОГИ ПРОСТО""",Санкт-Петербург,,да
236,"АНО защиты труда ""Этика трудовых отношений""",Домодедово,,да
237,Автономная некоммерческая организация по реализации социально значимых программ и проектов «Во благо» (АНО «Во благо»),Москва,,да
238,"Благотворительный фонд помощи детям, рождённым на раннем сроке ""Подари солнечный свет""",Москва,,да
239,АНО Общество помощи детям Возможность,Уфа,,да
240,"БФ ""Творящие добро""",Уфа,,да
241,"Благотворительный фонд ""Плюс Помощь Детям""",Москва,,да
242,"Фонд поддержки,помощи и развития многодетных семей и людей находящихся в трудной жизненной ситуации или социально-опасном положении ""Дела Любви""",Санкт-Петербург,,да
243,"Благотворительный фонд в поддержку развития детского творчества ""Жизнь в искусстве""",Москва,,да
244,Международный благотворительный фонд имени Надежды Филаретовны фон Мекк,Москва,,да
245,МБОО Ночлежка,Санкт-Петербург,,да
246,"Фонд благотворительной помощи детям-сиротам и инвалидам ""Димина Мечта""",Москва,,да
247,Благотворительный Фонд Помощи Детям WorldVita,Санкт-Петербург,,да
248,Благотворительный фонд помощи людям с диагнозом «нейробластома» и членам их семей «Энби»,Москва,,да
249,Благотворительный фонд «Каждый особенный»,Белгород,,да
250,"АВТОНОМНАЯ НЕКОММЕРЧЕСКАЯ ОРГАНИЗАЦИЯ ""ПЛАТФОРМА ОБРАЗОВАТЕЛЬНЫХ ПРОЕКТОВ""",Пермь,,да
251,"Благотворительный фонд ""Шалаш""",Москва,,да
252,"Ассоциация приемных родителей: усыновителей, опекунов, попечителей г. Санкт-Петербурга",Санкт-Петербург,,да
253,"Некоммерческий фонд ""Тридцатка""",Санкт-Петербург,,да
254,"Благотворительный фонд ""АУТсайд""",Москва,,да
255,"АНО ""Центр тренинга и консультирования "" Максимум""",Петрозаводск,,да
256,"Благотворительный фонд помощи малообеспеченным слоям населения ""Дари добро""",Краснознаменск,,да
257,"Благотворительный фонд ""Миссия""",Москва,,да
258,"АНО ДПО ""Институт развития семейного устройства"" (ИРСУ)",Москва,,да
259,Благотворительный фонд поддержки еврейских традиций и культуры «СОЛОМОН»,Москва,,да
260,Благотворительный фонд Благостыня,Пермь,,да
261,"Автономная некоммерческая организация Инклюзивный клуб ""Забота"" г.Няндома",Няндома,,да
262,Благотворительный фонд «Фонд Ройзмана»,Екатеринбург,,да
263,Межрегиональный благотворительный общественный фонд помощи больным эпилепсией «Содружество»,Москва,,да
264,"Благотворительный фонд ""Дети-бабочки""",Москва,,да
265,"Благотворительный фонд ""Ковчег""",Нижний Тагил,,да
266,Межрегиональная общественная организация нефрологических пациентов «НЕФРО-ЛИГА»,Калининград,,да
267,"Некоммерческая организация регионального благотворительного фонда ""Рука помощи""",Новосибирск,,да
268,Фонд поддержки и продвижения молодых талантов в области искусства и развития международных культурных связей Ильдара Абдразакова,Москва,,да
269,"КГОО ""Союз многодетных семей"" Кубанская семья""",Краснодар,,да
270,"Санкт-Петербургская благотворительная общественная организация помощи детям, находящимся в трудной жизненной ситуации, «Мята»",Санкт-Петербург,,да
271,Свердловская региональная общественная организация поддержки президентских инициатив в области здоровьесбережения нации «Общее дело»,Екатеринбург,,да
272,Автономная некоммерческая организация Центр социальной помощи “Надежда”,Тамбов,,да
273,Автономная некоммерческая организация «Центр развития и реабилитации детей «Светлый город»,Санкт-Петербург,,да
274,"Карельская региональная общественная организация социальной реабилитации и канистерапии ""Открытые сердца""",Петрозаводск,,да
275,"Автономная некоммерческая организация ""Центр защиты материнства и детства ""Тёплый дом на горе""",Махачкала,,да
276,"Автономная Некоммерческая Организация помощи людям в трудной жизненной ситуации ""ТВОЙ ДОМ""",Новосибирск,,да
277,"АНО социальной реабилитации пожилых и инвалидов Центр ""Добровольцы серебряного возраста"" Калининградской области",Калининград,,да
278,БИФ Помоги.Орг,Москва,,да
279,Автономная некоммерческая организация «Центр Исследования и Развития Предпринимательства»,Москва,,да
280,Дом в горошек,красноярск,,да
281,"Центр реабилитации животных ""Верность""",Ярославль,,да
282,Благотворительный фонд Калининградской области «Берег надежды»,Калининград,,да
283,Автономная благотворительная некоммерческая организация Центр социального развития и самопомощи,Москва,,да
284,Ассоциация инструкторов массажа в школах,Россия,,да
285,Марфо-Мариинский центр для детей с ограниченными возможностями здоровья,Москва,,да
286,"Автономная Некоммерческая Организация ""Центр защиты семьи, материнства и детства""Счастье""",Коломна,,да
287,БФ Русфонд,Самара,,да
288,Региональная общественная организация поддержки инвалидов «Радость»,Москва,,да
289,"Фонд ""Подарок Судьбы""",г. Москва,,да
290,"Благотворительный фонд ""ЕВИТА""",Самара,,да
291,"Благотворительный фонд помощи детям с ДЦП ""Добросердие""",Москва,,да
292,"Благотворительный фонд помощи взрослым онкобольным ""Огромное сердце"" Ольги Сергеенко",Москва,,да
293,"Автономная некоммерческая организация Центр социальной адаптации детей ""Живу с культурой""",Москва,,да
294,"Межрегиональный благотворительный общественный фонд ""Екатеринбургский еврейский культурынй центр ""Менора""",Екатеринбург,,да
295,"АНО ""ЦЕНТР СОЦИАЛЬНЫХ КОММУНИКАЦИЙ ""СОВА""",Москва,,да
296,"РОД ""Петербургские родители""",Санкт-Петербург,,да
297,"Благотворительный фонд ""БлагоДаря""",Санкт-Петербург,,да
298,Межрегиональная благотворительная общественная организация содействия в реализации социальных программ в области медицины и здравоохранения «ВОЗРОЖДЕНИЕ»,Москва,,да
299,"Общероссийская общественная организация помощи социально незащищенным категориям граждан ""Под крылом России""",Москва,,да
300,Благотворительный Фонд социальной поддержки граждан «Подари Любовь Миру»,Балашиха,,да
301,Благотворительный фонд им. Арины Тубис,Петрозаводск,,да
302,Благотворительный фонд содействия семейному устройству «Найди семью»,Москва,,да
303,"Некоммерческая организация ""Ассоциация замещающих семей Свердловской области""",Екатеринбург Свердловская область,,да
304,"Нижневартовский благотворительный фонд ""Твори добро""",Нижневартовск,,да
305,"Сухоложская Городская Общественная Организация Поддержки Граждан в Трудной Жизненной Ситуации «УМКА» ( уважение, милосердие, конфиденциальность, анонимность)",городской округ Сухой Лог,,да
306,"ЧУЗ Марфо-Мариинский медицинский центр ""Милосердие""",Москва,,да
307,Автономная некоммерческая организация «Центр развития филантропии «Сопричастность»,Москва,,да
308,"Фонд развития филантропии ""КАФ""",Москва,,да
309,Благотворительный фонд «Центр социальной адаптации и поддержки соотечественников «Достойный гражданин»,Москва,,да
310,"Сибирский благотворительный фонд помощи детям инвалидам и детям сиротам ""Только вместе""",Новокузнецк,,да
311,"Автономная некоммерческая организация центр поддержки детей ""Здесь рады детям""",Москва,,да
312,"Благотворительный фонд ""Звезда""",Казань,,да
313,Автономная некоммерческая организация «Первый игровой центр опережающего развития «Пирамидка»,Пятигорск,,да
314,"СПб БОО ""Перспективы""",Санкт-Петербург,,да
315,Благотворительный фонд Цвет жизни,Москва,,да
316,Благотворительный фонд помощи детям «СТРАНА-ДЕТЯМ»,Москва,,да
317,"Благотворительный фонд ""Я особенный""",Екатеринбург,,да
318,"Автономная некоммерческая организация центр дополнительного образования ""КАДЕТ""",Новосибирск,,да
319,"АНО ""Детская следж-хоккейная лига""",Москва,,да
320,Благотворительный фонд помощи детям и малоимущим гражданам «Простые вещи»,Москва,,да
321,"АНО по формированию и развитию дружелюбной разновозрастной среды, профессиональной и межпоколенческой коммуникации «Пора жить»",Москва,,да
322,Encorecharity,Москва,,да
323,"АНО Центр ""Ориентир""",Новосибирск,,да
324,"Ассоциация пациентов и специалистов, помогающих людям с ВИЧ, вирусными гепатитами и другими социально значимыми заболеваниями «Е.В.А.»",Санкт-Петербург,,да
325,"Благотворительный фонд помощи семьям в трудной жизненной ситуации ""Свет в руках""",Москва,,да
326,"Благотворительный фонд ""Дом Роналда Макдоналда""",Москва,,да
327,"Благотворительный Фонд помощи животным ""Благое Дело""",Сочи,,да
328,Специализированный фонд управления целевым капиталом для развития Московского физико-технического института,г. Долгопрудный Московской области,,да
329,Благотворительный фонд помощи ментальным инвалидам Единение,Москва,,да
330,"Благотворительный фонд ""Доброделы Петербурга""",Санкт-Петербург,,да
331,"Благотворительный фонд ""Абсолют-Помощь""",Москва,,да
332,"Некоммерческий благотворительный фонд помощи детям ""Дедморозим""",Пермь,,да
333,"Благотворительный фонд ""Мир Доброты""",Санкт-Петербург,,да
334,"БЛАГОТВОРИТЕЛЬНЫЙ ФОНД ПОМОЩИ ЛЮДЯМ, НАХОДЯЩИМСЯ В ТРУДНОЙ ЖИЗНЕННОЙ СИТУАЦИИ, ИМЕНИ А.С. МАКАРЕНКО",Таруса,,да
335,"Автономная некоммерческая организация ""Семья детям""",Екатеринбург,,да
336,Фонд развития гуманных методов исследования фармацевтических и косметических средств «СеллСтандарт»,Санкт-Петербург,,да
337,"Благотворительный фонд помощи многодетным семьям ""Два крыла""",Уфа,,да
338,"Автономная некоммерческая организация ""Центр содержания бездомных животных""",Москва,,да
339,Благотворительный фонд «Старость в радость»,Москва,,да
340,Благотворительный фонд помощи детям с онкогематологическими и иными тяжелыми заболеваниями«ДоброСвет»,Москва,,да
341,Благотворительный фонд «Солнечный город»,Новосибирск,,да
342,Благотворительный фонд «Детские сердца»,Москва,,да
343,"Благотворительный фонд ""ПравЖизнь""",,,да
344,Фонд помощи детям и молодежи «Обнаженные сердца»,Москва,,да
345,Благотворительный фонд «Вера»,,,да
346,Подарок ангелу,Москва,,да
347,"Благотворительный фонд ""Подсолнух""",Москва,,да
348,Детские деревни SOS,Москва,,да
349,Ассоциация «Некоммерческое партнерство развития донорства «Донор-Сёрч»,Казань,,да
350,Благотворительный фонд «Измени одну жизнь»,Москва,,да
351,Благотворительный фонд содействия образованию детей-сирот,Москва,,да
352,"Благотворительный фонд ""Планета Добра""",Москва,,да
353,"АНО Центр социальных технологий ""Ломая Барьеры""",Уфа,,да
354,Благотворительный Фонд «Настенька»,москва,,да
355,Союз волонтерских организаций и движений (СВОД),Москва,,да
356,"Благотворительный фонд ""Линия жизни""",Москва,,да
357,"Благотворительный фонд ""Протяни руку""",Москва,,да
358,Благотворительный фонд «Артист»,Москва,,да
359,"Благотворительный фонд ""Мир Сердца""",Москва,,да
360,"Благотворительный центр ""Верю в чудо""",Калининград,,да
361,"Фонд поддержки научной и научно-технической деятельности молодежи ""Время науки""",Санкт-Петербург,,да
362,Центр социальной реабилитации «Турмалин»,Москва,,да
363,Экологическое движение «РазДельный Сбор»,Санкт-Петербург,,да
364,Благотворительный фонд помощи животным «Подбери друга»,Москва,,да
365,Благотворительный фонд «Фонд борьбы с лейкемией»,Москва,,да
366,«Колесо Обозрения»,Москва,,да
367,"Фонд медицинских решений ""Не напрасно""",Санкт-Петербург,,да
368,Благотворительный фонд содействия решению проблем аутизма «Выход»,Москва,,да
369,"Благотворительный центр ""Радуга""",Омск,,да
370,"Благотворительный фонд ""Бюро Добрых Дел""",Москва,,да
371,Региональная общественная организация родителей детей-инвалидов,Киров,,да
372,"Благотворительный фонд ""РЭЙ""",Москва,,да
373,"Зоозащитный центр ""Новый Ковчег""",Обнинск,,да
374,"Благотворительный фонд помощи детям с онкологическими и онкогематологическими заболеваниями ""Жизнь""",Москва,,да
375,Благотворительный образовательный фонд Мархамат,Уфа,,да
376,"Центр равных возможностей ""Вверх""",Москва,,да
377,"Благотворительный фонд ""Шередарь""",Москва,,да
378,"Благотворительная организация ""Шаг Навстречу""",Санкт-Петербург,,да
379,"Благотворительный фонд помощи детям ""ДетскиеДомики""",Москва,,да
380,Ассоциация ГАООРДИ,Санкт-Петербург,,да
381,"НО ""БФ ""Личное участие""",Самара,,да
382,Ассоциация cоциально-ориентированных некоммерческих организаций «Благотворительное собрание «Все вместе»,Москва,,да
383,РакФонд,Москва,,да
384,"Благотворительный фонд ""Наше Наследие""",Иркутск,,да
385,Фонд борьбы с инсультом ОРБИ,Москва,,да
386,"Благотворительный фонд ""Синдром Вильямса""",Москва,,да
387,Благотворительный фонд AdVita,Санкт-Петербург,,да
388,Благотворительный фонд «Добрый город Петербург»,Санкт-Петербург,,да
389,"Благотворительный фонд ""Синдром любви""",Москва,,да
390,"Благотворительный фонд ""Подари надежду""",Москва,,да
391,Санкт-Петербургская благотворительная общественная организация помощи детям и взрослым с ограниченными возможностями «Дети Павловска»,Санкт-Петербург,,да
392,"Благотворительный фонд ""Асенька""",Москва,,да
393,Благотворительный фонд помощи детям с онкологическими заболеваниями,Воронеж,,да
394,"Благотворительный фонд ""Благие Дела""",Казань,,да
395,"Благотворительный фонд ""Спорт для Жизни""",Москва,,да
396,"Благотворительный фонд ""Кораблик""",Москва,,да
397,"Благотворительная организация ""Добрый-Юг""",Краснодар,,да
398,"Благотворительный фонд ""Белый Ирис""",Калининград,,да
399,"Благотворительный фонд ""Образ жизни""",Москва,,да
400,"Благотворительный фонд ""Жизненный путь""",Москва,,да
401,"Киношкола для людей с инвалидностью ""Без Границ""",Москва,,да
402,Комитет против пыток,нижний Новгород,,да
403,"Благотворительный фонд ""Хрупкие люди""",Москва,,да
404,Благотворительный Фонд помощи детям с органическими поражениями центральной нервной системы «ГАЛЧОНОК»,Москва,,да
405,Фонд социального развития «Полдень»,Москва,,да
406,"Автономная некоммерческая организация ""Эколого-просветительский Центр ""Заповедники""",Москва,,да
407,"Православная служба помощи ""Милосердие""",Москва,,да
408,Люблю и благодарю,Екатеринбург,,да
409,Ассоциация родителей и детей с дислексией,Москва,,да
410,Весёлый коридор,Москва,,да
411,"Благотворительный Фонд ""Жизнь как чудо""",Москва,,да
412,"Благотворительный фонд помощи животным ""Вторая жизнь""",Москва,,да
413,"Инклюзивный культурный центр ""ТВЕРСКАЯ 15""",Москва,,да
414,"Благотворительный фонд ""Взрослые - мы""",Москва,,да
415,"АВТОНОМНАЯ НЕКОММЕРЧЕСКАЯ ОРГАНИЗАЦИЯ ""ЦЕНТР ПСИХОЛОГИЧЕСКОЙ ПОМОЩИ СОТРУДНИКАМ БЛАГОТВОРИТЕЛЬНЫХ ОРГАНИЗАЦИЙ ""ВДОХ""",Санкт-Петербург,,да
416,РОО для лиц с нарушением зрения «ТВОЙ МИР»,Новосибирск,,да
417,Всероссийская Федерация спорта лиц с поражением опорно-двигательного аппарата,Волгоград,,да
418,Благотворительный фонд РАУЛЬ,Санкт-Петербург,,да
419,"Служба помощи ""Милосердие-на-Дону""",Ростов-на-дону,,да
420,"Благотворительный фонд поддержки гуманитарных и социальных программ ""КПМГ""",Москва,,да
421,АВТОНОМНАЯ НЕКОММЕРЧЕСКАЯ ОРГАНИЗАЦИЯ «ЦЕНТР СОЦИАЛЬНОЙ ПОДДЕРЖКИ «ИНКЛЮЗИВНАЯ МОЛЕКУЛА»,Москва,,да
422,«Ассоциация «Интеграция»,Новосибирск,,да
423,"Благотворительный фонд ""Движение вверх""",Москва,,да
424,Фонд поддержки прикладных экологических разработок и исследований «Озеро Байкал»,Москва,,да
425,Spina Bifida,Москва,,да
426,Благотворительный фонд МойМио,Москва,,да
427,Межрегиональная общественная организация «Алопеция. Счастье быть собой».,Санкт-Петербург,,да
428,"Благотворительный фонд ""Берегиня""",Пермь,,да
429,"Некоммерческая организация ""Благое дело""",Верх-Нейвинский,,да
430,АНО «Детям о важном»,Москва,,да
431,"Центр реабилитации временно бездомных животных ""Юна""",Москва,,да
432,"Благотворительный фонд ""Подари солнечный свет""",,,да
433,EVERLAND: ПРОСТРАНСТВО РАВНЫХ ВОЗМОЖНОСТЕЙ,Москва,,да
434,БФ Преодолей-ка,Москва,,да
435,"""Дети-Ангелы Мурмана"" Мурманская региональная общественная организация детей с инвалидностью и их родителей.",Мурманск,,да
436,"Благотворительный фонд профилактики и реабилитации контагиозности,онкологии и инвалидности",Краснодар,,да
437,Благотворительный фонд «Второе дыхание»,Москва,,да
438,"КРОО ""Центр общественных инициатив ""Диалог""",Гурьевск Калининградской области,,да
439,"БЛАГОТВОРИТЕЛЬНЫЙ ФОНД СОХРАНЕНИЯ ДУХОВНЫХ ТРАДИЦИЙ И СОЦИАЛЬНОЙ ПОДДЕРЖКИ ""ШМИНИ""",Москва,,да
440,Общее благо,Санкт-Петербург,,да
441,"Благотворительный фонд ""Территория Успеха""",Краснокамск,,да
442,Благотворительный фонд развития инклюзии в спорте Больше Чем Можешь,Москва,,да
443,"Благотворительный Фонд ""Неопалимая Купина""",Москва,,да
444,"Благотворительный фонд ""Дети без мам""",Нижний Новгород,,да
445,"Благотворительный фонд помощи бездомным животным ""Каждая собака""",Москва,,да
446,"АНО Центр помощи семьям с детьми ""ПЛАНЕТА ДОБРА""",Москва,,да
447,Благотворительный фонд помощи социально-незащищенным гражданам,Москва,,да
448,"Благотворительный фонд ""Сила Надежды""",Краснодар,,да
449,Благотворительный Фонд помощи детям и семьям «Наши Дети»,Уфа,,да
450,Юниспорт,Москва,,да
451,"АВТОНОМНАЯ НЕКОММЕРЧЕСКАЯ ОРГАНИЗАЦИЯ ПО РАЗВИТИЮ ПОЗНАВАТЕЛЬНОГО ТУРИЗМА ВЕРХНЕВОЛЖЬЯ И ВОЗРОЖДЕНИЮ ТРАДИЦИЙ ""ГОРОД-МУЗЕЙ""",Тверь,,да
452,Благотворительный фонд им. Ани Чижовой,Чебоксары,,да
453,Благотворительный фонд Провидение,Москва,,да
454,"АНО ""ЦСПА ""Лыжи Мечты"" Сергея Белоголовцева""",Москва,,да
455,"Межрегиональный общественный благотворительный фонд поддержки детей с ограниченными возможностями, детей-сирот и детей, оставшихся без попечения родителей «Жизнь в Движении»",Москва,,да
456,"Онкофонд ""Голос за Жизнь""",Москва,,да
457,Уфимский Дом культуры глухих,Уфа,,да
458,"МБОО ""Справедливая помощь Доктора Лизы""",Москва,,да
459,"Благотворительный фонд помощи детям с онкологическими заболеваниями ""Кадуцей""",Москва,,да
460,"Благотворительный фонд ""Созвездие Добра""",Москва,,да
461,Помощь бездомным беспородным животным,Москва,,да
462,"Благотворительный Детский Фонд ""АНАСТАСИЯ""",Краснодар,,да
463,Умка,Новочебоксарск,,да
464,"Комитет ""Гражданское содействие""",Москва,,да
465,"АНО ""Семейный центр социальной абилитации ""Наши дети""",Омск,,да
466,Фонд поддержки творчески одаренных детей и молодежи «Белый Пароход»,Москва,,да
467,ЦЕНТР РЕАБИЛИТАЦИИ ТИГРОВ И ДРУГИХ РЕДКИХ ЖИВОТНЫХ,Владивосток,,да
468,Частное учреждение «Центр социально-трудовой адаптации инвалидов «Мастер ОК»,Санкт-Петербург,,да
469,"МОО ""Аистенок""",Екатеринбург,,да
470,Благотворительный фонд «Выход в Петербурге»,Санкт-Петербург,,да
471,Православная Служба Милосердия,Екатеринбург,,да
472,"АНО Центр социокультурной анимации ""Одухотворение""",Москва,,да
473,"Благотворительный фонд ""Сердца Наших Детей""",Москва,,да
474,Фонд Почувствуй Жизнь,Москва,,да
475,"Фонд поддержки и развития природоохранных и других социально-значимых проектов ""Наш фонд""",Москва,,да
476,"ТРБОО ""Спрятанный мир""",Томск,,да
477,"Калининградская региональная общественная организация ""Арт-Ворота""",Калининград,,да
478,"Коррекционно-развивающий центр ""Семья""",Нефтекамск,,да
479,РетинаФонд. Фонд исследований и лечения заболеваний сетчатки глаза,Москва,,да
480,"Автономная некоммерческая организация социальных и благотворительных программ ""Синяя птица""",Краснодар,,да
481,Благотворительный фонд Зимний Бал,Москва,,да
482,"Межрегиональная благотворительная общественная организация помощи малоимущим ""Центр содействия 2000""",Москва,,да
483,"Фонд ""Благотворительный фонд ""Смайлики""",Екатеринбург,,да
484,Московская областная региональная общественная организация молодых инвалидов и семей с детьми-инвалидами «ОТ СЕРДЦА К СЕРДЦУ»,Долгопрудный,,да
485,Пушкинский фонд поддержки городских проектов и инициатив,Пушкино Московская область,,да
486,"Фонд социальных программ и поддержки женщин ""Александра""",Москва,,да
487,Автономная некоммерческая организация социально-культурных услуг «Упсала-Цирк»,Санкт-Петербург,,да
488,"Новосибирская региональная общественная организация по работе с детьми и молодёжью ""Нешкола""",Искитим,,да
489,Региональная благотворительная общественная организация «Центр лечебной педагогики»,Москва,,да
490,Благотворительный Фонд Константина Хабенского,Москва,,да
491,"Благотворительный фонд ""Подари подарок""",Москва,,да
492,"Автономная некоммерческая организация содействия развитию физической культуры, спорта и здорового образа жизни «Мир без границ»",Переславль-Залесский,,да
493,"Ассоциация некоммерческих организаций, созданных родителями детей с расстройствами аутистического спектра «АУТИЗМ-РЕГИОНЫ»,",Москва,,да
494,"ФОНД ПОДДЕРЖКИ И РАЗВИТИЯ ИСКУСТВА, КУЛЬТУРЫ, СПОРТА, ЭКОЛОГИЧЕСКИХ И СОЦИАЛЬНЫХ ПРОЕКТОВ ""АРКАИМ""",Хабаровск,,да
495,Благотворительный Фонд в поддержку развития спорта инвалидов «ТОЧКА ОПОРЫ»,Санкт Петербург,,да
496,"Благотворительный фонд поддержки семьи, детей и молодежи «Наша семья»",Москва,,да
497,Краснодарская Краевая Благотворительная Общественная Организация «Мелодия счастья»,Краснодар,,да
498,Межрегиональная общественная организация «Мусора.Больше.Нет»,Санкт-Петербург,,да
499,"Фонд помощи пациентам с деменцией и их семьям ""Альцрус""",Москва,,да
500,Санкт-Петербургский благотворительный фонд «Гуманитарное действие»,Санкт-Петербург,,да
501,"Благотворительный фонд ""Прекрасное далёко""",Новороссийск,,да
502,Курская региональная общественная организация «Культурно-просветительское общество «Возрождение»,Курск,,да
503,"Пермская региональная общественная организация ""Территория семьи""",Пермь,,да
504,"Благотворительный фонд Поддержки нуждающихся ""ХЭППИ""",Москва,,да
505,"Благотворительный фонд помощи детям с онкогематологическими и иными тяжелыми заболеваниями ""Пчёлка"".",Чита,,да
506,"Региональный благотворительный общественный фонд содействия реализации гуманитарных программ ""Елизавета""",Москва,,да
507,"Благотворительный фонд помощи ""Звезда Милосердия""",Москва,,да
508,Центр защиты прав СМИ,Воронеж,,да
509,Фонд защиты городских животных,Москва,,да
510,Благотворительный фонд «РДКМ»,Москва,,да
511,Всемирный фонд дикой природы (WWF),Москва,,да
